,BALANCE,BALANCE,BALANCE,PURCHASES,PURCHASES,PURCHASES,CASH_ADVANCE,CASH_ADVANCE,CASH_ADVANCE,CREDIT_LIMIT,CREDIT_LIMIT,CREDIT_LIMIT,PAYMENTS,PAYMENTS,PAYMENTS,PURCHASES_TRX,PURCHASES_TRX,PURCHASES_TRX,CASH_ADVANCE_TRX,CASH_ADVANCE_TRX,CASH_ADVANCE_TRX,PRC_FULL_PAYMENT,PRC_FULL_PAYMENT,PRC_FULL_PAYMENT,SPENDING_POWER,SPENDING_POWER,SPENDING_POWER,FINANCIAL_HEALTH,FINANCIAL_HEALTH,FINANCIAL_HEALTH,ENGAGEMENT_SCORE,ENGAGEMENT_SCORE,ENGAGEMENT_SCORE,CASH_DEPENDENCY,CASH_DEPENDENCY,CASH_DEPENDENCY
,mean,median,std,mean,median,std,mean,median,std,mean,median,std,mean,median,std,mean,median,std,mean,median,std,mean,median,std,mean,median,std,mean,median,std,mean,median,std,mean,median,std
Cluster,,,,,,,,,,,,,,,,,,,,,,,,,,,,,,,,,,,,
0,1452.6805401050397,873.680279,1689.271341935329,824.020188847916,361.49,1100.028012573956,817.2687270768802,0.0,1350.02234036482,4366.234317102572,3000.0,3207.2561317967634,1479.12648191608,856.740386,1596.1415982794529,12.685439713934517,7.0,15.703149492313765,2.7319253547882445,0.0,4.293046858913509,0.15367595306738183,0.0,0.29249262996785846,0.23533219398124572,0.11771199999952915,0.33455202725751976,0.45300407173902046,0.4478947748349149,0.2638391639696754,0.7507573499273662,0.7333331999999999,0.19207148752154013,0.32170357003769984,0.0,0.42108810246288986
1,8.80954,8.80954,,0.0,0.0,,2777.200448,2777.200448,,6000.0,6000.0,,6083.426724,6083.426724,,0.0,0.0,,1.0,1.0,,0.5,0.5,,0.0,0.0,,0.4995595260000007,0.4995595260000007,,0.4090908,0.4090908,,0.9999999900000002,0.9999999900000002,
